Year,State,State Birth Rate,State Lower CI,State Upper CI
2003,Alabama,54.502985074626864,46.82238805970149,63.12238805970149
2003,Alaska,44.93600000000001,32.891999999999996,62.156000000000006
2003,Arizona,64.77333333333334,58.64666666666667,71.48
2003,Arkansas,61.10666666666667,51.24133333333333,72.37599999999999
2003,California,38.310344827586206,34.220689655172414,43.165517241379305
2003,Colorado,43.61875,32.5125,60.10625
2003,Connecticut,21.7625,19.875,23.775
2003,Delaware,46.96666666666667,43.46666666666667,50.699999999999996
2003,District of Columbia,42.1,39.9,44.3
2003,Florida,55.286567164179104,48.514925373134325,62.84029850746269
2003,Georgia,62.474213836477986,52.227672955974846,74.30062893081761
2003,Hawaii,40.325,36.675,44.175
2003,Idaho,40.38181818181818,30.75,52.85681818181818
2003,Illinois,37.86666666666667,30.884313725490195,46.17058823529411
2003,Indiana,40.6445652173913,34.23586956521739,48.0
2003,Iowa,30.117171717171715,23.197979797979798,38.5989898989899
2003,Kansas,38.41428571428571,28.15142857142857,52.07904761904762
2003,Kentucky,53.3675,43.638333333333335,64.69333333333333
2003,Louisiana,58.7203125,50.646875,67.771875
2003,Maine,27.46875,23.16875,32.3375
2003,Maryland,34.104166666666664,30.095833333333335,38.55416666666667
2003,Massachusetts,20.364285714285717,18.114285714285714,23.064285714285713
2003,Michigan,33.918072289156626,28.23012048192771,40.672289156626505
2003,Minnesota,27.90919540229885,21.866666666666667,35.371264367816096
2003,Mississippi,65.70853658536586,55.823170731707314,76.89512195121951
2003,Missouri,47.91652173913043,39.040000000000006,58.42086956521739
2003,Montana,31.792857142857144,22.150000000000002,46.642857142857146
2003,Nebraska,28.247311827956988,18.335483870967742,44.663440860215054
2003,Nevada,42.63529411764706,32.6764705882353,56.86470588235294
2003,New Hampshire,21.32,18.119999999999997,24.93
2003,New Jersey,26.742857142857144,24.576190476190476,29.06190476190476
2003,New Mexico,60.84545454545455,50.49090909090909,74.06969696969698
2003,New York,24.40806451612903,21.366129032258065,27.862903225806452
2003,North Carolina,52.513999999999996,45.338,60.63
2003,North Dakota,25.80754716981132,16.70566037735849,40.10377358490566
2003,Ohio,38.981818181818184,33.919318181818184,44.637499999999996
2003,Oklahoma,57.28311688311688,47.22857142857143,69.05714285714285
2003,Oregon,35.84166666666667,29.202777777777776,44.419444444444444
2003,Pennsylvania,27.24328358208955,23.519402985074628,31.53283582089552
2003,Rhode Island,18.74,16.66,21.1
2003,South Carolina,57.417391304347824,50.334782608695654,65.25
2003,South Dakota,34.09545454545455,24.063636363636363,48.342424242424244
2003,Tennessee,55.6,46.811578947368425,65.65578947368421
2003,Texas,65.8244094488189,53.11732283464567,82.48858267716535
2003,Utah,33.727586206896554,26.403448275862072,43.775862068965516
2003,Vermont,21.74285714285714,17.064285714285713,27.37142857142857
2003,Virginia,40.13082706766917,32.703759398496246,48.9578947368421
2003,Washington,38.61025641025641,32.6974358974359,45.720512820512816
2003,West Virginia,42.31454545454546,34.31272727272727,51.74181818181818
2003,Wisconsin,27.469444444444445,22.458333333333332,33.412499999999994
2003,Wyoming,40.84347826086957,31.878260869565214,51.917391304347824
2004,Alabama,53.90149253731344,47.75671641791045,60.656716417910445
2004,Alaska,45.088,34.611999999999995,59.523999999999994
2004,Arizona,63.88,59.153333333333336,68.99333333333334
2004,Arkansas,61.108000000000004,52.97866666666667,70.19333333333333
2004,California,37.75344827586206,34.46896551724138,41.601724137931036
2004,Colorado,42.6546875,33.1703125,56.25
2004,Connecticut,20.9875,19.575,22.4625
2004,Delaware,45.76666666666667,43.26666666666667,48.43333333333334
2004,District of Columbia,43.2,41.6,44.8
2004,Florida,54.25223880597015,48.91641791044776,60.099999999999994
2004,Georgia,61.533962264150944,53.172955974842765,70.98805031446541
2004,Hawaii,40.35,37.575,43.275
2004,Idaho,39.85,31.677272727272726,50.122727272727275
2004,Illinois,37.726470588235294,31.887254901960784,44.501960784313724
2004,Indiana,40.516304347826086,35.267391304347825,46.4054347826087
2004,Iowa,30.074747474747475,24.148484848484845,37.13838383838384
2004,Kansas,38.45428571428571,29.451428571428572,50.06190476190476
2004,Kentucky,53.766666666666666,45.600833333333334,63.04
2004,Louisiana,58.2921875,51.7875,65.4390625
2004,Maine,27.3625,23.8625,31.23125
2004,Maryland,33.395833333333336,30.28333333333333,36.791666666666664
2004,Massachusetts,19.978571428571428,18.185714285714287,22.114285714285717
2004,Michigan,33.50722891566265,28.81807228915663,38.95180722891566
2004,Minnesota,27.77126436781609,22.629885057471263,33.94482758620689
2004,Mississippi,65.94878048780488,57.863414634146345,74.90365853658537
2004,Missouri,47.58608695652173,40.184347826086956,56.138260869565215
2004,Montana,31.84642857142857,23.321428571428573,44.496428571428574
2004,Nebraska,28.023655913978494,19.198924731182796,42.03333333333333
2004,Nevada,42.48235294117647,33.800000000000004,54.523529411764706
2004,New Hampshire,21.04,18.48,23.869999999999997
2004,New Jersey,26.038095238095234,24.433333333333334,27.719047619047622
2004,New Mexico,60.46060606060606,51.92424242424242,71.06363636363636
2004,New York,24.243548387096773,21.80483870967742,26.95967741935484
2004,North Carolina,51.728,46.018,58.059
2004,North Dakota,26.169811320754718,17.88490566037736,38.658490566037734
2004,Ohio,38.711363636363636,34.684090909090905,43.11818181818182
2004,Oklahoma,57.71298701298701,49.25714285714286,67.3974025974026
2004,Oregon,35.69722222222222,30.09722222222222,42.72777777777778
2004,Pennsylvania,27.235820895522387,24.20149253731343,30.65820895522388
2004,Rhode Island,18.52,16.86,20.339999999999996
2004,South Carolina,56.80652173913043,51.24565217391305,62.84130434782608
2004,South Dakota,34.446969696969695,25.490909090909092,46.73939393939394
2004,Tennessee,55.012631578947364,47.87157894736842,63.00842105263158
2004,Texas,65.15984251968503,54.4988188976378,78.8216535433071
2004,Utah,33.686206896551724,27.386206896551727,42.08275862068966
2004,Vermont,21.87857142857143,17.914285714285715,26.535714285714285
2004,Virginia,39.39022556390977,33.26466165413534,46.48872180451128
2004,Washington,38.243589743589745,33.42820512820513,43.93076923076923
2004,West Virginia,43.14727272727273,36.32363636363636,50.972727272727276
2004,Wisconsin,27.26388888888889,23.102777777777778,32.08472222222222
2004,Wyoming,40.68260869565218,33.05652173913043,49.86521739130435
2005,Alabama,53.02985074626866,47.85970149253731,58.62388059701493
2005,Alaska,45.044,35.808,57.343999999999994
2005,Arizona,62.62,58.61333333333334,66.89333333333333
2005,Arkansas,60.77466666666667,53.830666666666666,68.40133333333334
2005,California,36.963793103448275,34.11379310344827,40.26206896551724
2005,Colorado,41.4875,33.25625,52.9171875
2005,Connecticut,20.1,18.95,21.325
2005,Delaware,44.300000000000004,42.13333333333333,46.46666666666667
2005,District of Columbia,44.1,42.6,45.5
2005,Florida,52.87313432835821,48.3955223880597,57.71940298507462
2005,Georgia,60.28427672955975,53.20754716981132,68.16226415094339
2005,Hawaii,40.175,37.825,42.650000000000006
2005,Idaho,39.14090909090909,32.08409090909091,47.79545454545455
2005,Illinois,37.38235294117647,32.35490196078431,43.095098039215685
2005,Indiana,40.16304347826087,35.69130434782608,45.09239130434783
2005,Iowa,29.872727272727275,24.711111111111112,35.892929292929296
2005,Kansas,38.31142857142857,30.33047619047619,48.354285714285716
2005,Kentucky,53.87833333333333,46.848333333333336,61.73083333333333
2005,Louisiana,57.5796875,52.04375,63.5859375
2005,Maine,27.1,24.1375,30.3375
2005,Maryland,32.525,29.9375,35.30416666666667
2005,Massachusetts,19.521428571428572,17.95714285714286,21.342857142857145
2005,Michigan,32.92650602409638,28.910843373493975,37.51325301204819
2005,Minnesota,27.485057471264366,23.01609195402299,32.735632183908045
2005,Mississippi,65.81951219512194,58.9219512195122,73.35
2005,Missouri,46.995652173913044,40.64782608695652,54.202608695652174
2005,Montana,31.767857142857142,24.15892857142857,42.69464285714286
2005,Nebraska,27.707526881720433,19.79032258064516,39.77204301075269
2005,Nevada,42.13529411764706,34.43529411764706,52.53529411764706
2005,New Hampshire,20.66,18.509999999999998,22.98
2005,New Jersey,25.228571428571428,23.876190476190477,26.62857142857143
2005,New Mexico,59.803030303030305,52.5,68.64848484848486
2005,New York,23.983870967741936,21.901612903225807,26.26774193548387
2005,North Carolina,50.65,45.856,55.894
2005,North Dakota,26.422641509433966,18.854716981132075,37.43396226415094
2005,Ohio,38.246590909090905,34.84659090909091,41.907954545454544
2005,Oklahoma,57.84935064935065,50.51168831168831,66.1038961038961
2005,Oregon,35.358333333333334,30.505555555555556,41.33611111111111
2005,Pennsylvania,27.0910447761194,24.48955223880597,29.986567164179103
2005,Rhode Island,18.12,16.740000000000002,19.639999999999997
2005,South Carolina,55.858695652173914,51.21521739130435,60.834782608695654
2005,South Dakota,34.64242424242424,26.584848484848482,45.381818181818176
2005,Tennessee,54.13894736842105,48.10947368421052,60.78526315789474
2005,Texas,64.1755905511811,54.979527559055114,75.70236220472441
2005,Utah,33.46896551724138,27.93103448275862,40.686206896551724
2005,Vermont,21.900000000000002,18.464285714285715,25.87857142857143
2005,Virginia,38.484210526315785,33.27669172932331,44.420300751879694
2005,Washington,37.67692307692308,33.54615384615384,42.46410256410256
2005,West Virginia,43.78181818181818,37.81636363636364,50.483636363636364
2005,Wisconsin,26.922222222222224,23.343055555555555,30.979166666666668
2005,Wyoming,40.30869565217392,33.67826086956522,48.11304347826086
2006,Alabama,55.12835820895522,50.22835820895523,60.386567164179105
2006,Alaska,47.548,38.748000000000005,58.912
2006,Arizona,64.66,60.78666666666666,68.76666666666667
2006,Arkansas,63.775999999999996,57.174666666666674,70.972
2006,California,38.20517241379311,35.42413793103448,41.351724137931036
2006,Colorado,42.6125,34.865625,53.025
2006,Connecticut,20.3875,19.25,21.5375
2006,Delaware,45.03333333333333,42.93333333333334,47.199999999999996
2006,District of Columbia,47.7,46.2,49.2
2006,Florida,54.27164179104477,50.04328358208955,58.80597014925373
2006,Georgia,62.283018867924525,55.62893081761006,69.60691823899371
2006,Hawaii,42.275,39.95,44.7
2006,Idaho,40.65681818181818,34.01363636363636,48.63181818181818
2006,Illinois,39.15686274509804,34.37156862745098,44.510784313725495
2006,Indiana,42.077173913043474,37.82065217391305,46.71739130434783
2006,Iowa,31.373737373737374,26.462626262626266,37.00303030303031
2006,Kansas,40.36380952380952,32.69047619047619,49.80761904761905
2006,Kentucky,57.016666666666666,50.329166666666666,64.38833333333334
2006,Louisiana,60.178125,54.871875,65.8875
2006,Maine,28.4125,25.587500000000002,31.46875
2006,Maryland,33.483333333333334,31.041666666666668,36.1
2006,Massachusetts,20.185714285714287,18.664285714285715,21.935714285714287
2006,Michigan,34.25301204819277,30.424096385542168,38.5710843373494
2006,Minnesota,28.757471264367815,24.49770114942529,33.685057471264365
2006,Mississippi,69.22682926829269,62.632926829268285,76.35243902439024
2006,Missouri,49.028695652173916,43.02173913043478,55.76347826086957
2006,Montana,33.528571428571425,26.180357142857144,43.75
2006,Nebraska,29.025806451612905,21.384946236559138,40.22258064516129
2006,Nevada,44.16470588235294,36.752941176470586,53.88823529411765
2006,New Hampshire,21.43,19.419999999999998,23.619999999999997
2006,New Jersey,25.833333333333332,24.51904761904762,27.22380952380952
2006,New Mexico,62.43030303030304,55.4969696969697,70.63030303030304
2006,New York,25.11935483870968,23.112903225806452,27.311290322580643
2006,North Carolina,52.312,47.77,57.228
2006,North Dakota,28.222641509433963,20.798113207547168,38.66981132075472
2006,Ohio,39.94659090909091,36.69431818181818,43.425000000000004
2006,Oklahoma,61.21168831168831,54.188311688311686,69.01688311688312
2006,Oregon,37.03333333333333,32.375,42.638888888888886
2006,Pennsylvania,28.52089552238806,25.9955223880597,31.28208955223881
2006,Rhode Island,18.740000000000002,17.4,20.16
2006,South Carolina,57.939130434782605,53.51521739130435,62.643478260869564
2006,South Dakota,36.801515151515154,28.98181818181818,46.93333333333333
2006,Tennessee,56.23157894736842,50.55157894736842,62.427368421052634
2006,Texas,66.7003937007874,58.00433070866142,77.33503937007873
2006,Utah,35.15862068965517,29.820689655172412,41.91379310344828
2006,Vermont,23.2,19.900000000000002,26.935714285714287
2006,Virginia,39.76541353383459,34.863157894736844,45.27142857142857
2006,Washington,39.207692307692305,35.266666666666666,43.699999999999996
2006,West Virginia,46.96727272727272,41.23090909090909,53.345454545454544
2006,Wisconsin,28.09861111111111,24.688888888888886,31.918055555555554
2006,Wyoming,42.17826086956522,35.86521739130435,49.45217391304348
2007,Alabama,56.11492537313433,51.298507462686565,61.26417910447761
2007,Alaska,49.163999999999994,40.672,59.852
2007,Arizona,65.13333333333334,61.29333333333333,69.18666666666667
2007,Arkansas,65.532,59.038666666666664,72.55333333333333
2007,California,38.567241379310346,35.8448275862069,41.643103448275866
2007,Colorado,42.8125,35.4484375,52.4421875
2007,Connecticut,20.175,19.075,21.3375
2007,Delaware,44.56666666666666,42.5,46.699999999999996
2007,District of Columbia,50.2,48.7,51.8
2007,Florida,54.37761194029851,50.25373134328358,58.78507462686567
2007,Georgia,62.94465408805032,56.50817610062892,69.97861635220126
2007,Hawaii,43.325,40.975,45.825
2007,Idaho,41.34318181818182,35.002272727272725,48.84090909090909
2007,Illinois,40.11862745098039,35.476470588235294,45.287254901960786
2007,Indiana,43.18369565217392,39.00760869565217,47.70652173913044
2007,Iowa,32.21515151515152,27.465656565656566,37.60606060606061
2007,Kansas,41.62285714285714,34.19619047619047,50.60285714285715
2007,Kentucky,59.04666666666667,52.51166666666666,66.20833333333333
2007,Louisiana,61.653125,56.3890625,67.3
2007,Maine,29.10625,26.30625,32.14375
2007,Maryland,33.675000000000004,31.2625,36.229166666666664
2007,Massachusetts,20.400000000000002,18.892857142857142,22.107142857142858
2007,Michigan,34.93493975903614,31.190361445783136,39.119277108433735
2007,Minnesota,29.410344827586204,25.272413793103446,34.14252873563218
2007,Mississippi,71.05121951219512,64.54024390243903,78.05975609756098
2007,Missouri,50.06434782608695,44.22869565217391,56.541739130434784
2007,Montana,34.66428571428572,27.526785714285715,44.32857142857143
2007,Nebraska,29.807526881720428,22.4494623655914,40.255913978494625
2007,Nevada,45.247058823529414,38.05294117647059,54.45294117647059
2007,New Hampshire,21.71,19.72,23.869999999999997
2007,New Jersey,25.923809523809524,24.609523809523807,27.304761904761904
2007,New Mexico,63.77272727272727,57.04848484848485,71.5939393939394
2007,New York,25.811290322580643,23.809677419354838,27.98709677419355
2007,North Carolina,52.809,48.381,57.577
2007,North Dakota,29.522641509433964,22.267924528301887,39.44716981132075
2007,Ohio,40.86022727272727,37.643181818181816,44.29886363636364
2007,Oklahoma,63.368831168831164,56.47662337662337,70.96753246753246
2007,Oregon,37.922222222222224,33.37222222222223,43.32222222222222
2007,Pennsylvania,29.39402985074627,26.891044776119404,32.12835820895522
2007,Rhode Island,18.939999999999998,17.6,20.34
2007,South Carolina,58.71521739130435,54.35,63.34347826086957
2007,South Dakota,38.27424242424242,30.65757575757576,47.91212121212121
2007,Tennessee,57.19052631578948,51.66947368421053,63.18631578947368
2007,Texas,67.91023622047244,59.545669291338584,77.95905511811023
2007,Utah,36.06896551724138,30.882758620689657,42.46896551724138
2007,Vermont,24.0,20.77857142857143,27.607142857142858
2007,Virginia,40.23759398496241,35.51428571428571,45.51278195488722
2007,Washington,39.89230769230769,36.06153846153846,44.223076923076924
2007,West Virginia,49.36363636363637,43.69818181818182,55.60909090909091
2007,Wisconsin,28.686111111111114,25.359722222222224,32.391666666666666
2007,Wyoming,43.09130434782609,37.00869565217391,50.05217391304348
2008,Alabama,55.125373134328356,50.404477611940294,60.1865671641791
2008,Alaska,49.028,40.88,59.088
2008,Arizona,63.07333333333334,59.333333333333336,67.03333333333333
2008,Arkansas,64.97466666666668,58.586666666666666,71.87466666666667
2008,California,37.515517241379314,34.8551724137931,40.5
2008,Colorado,41.421875,34.4875,50.334375
2008,Connecticut,19.2625,18.1875,20.4125
2008,Delaware,42.36666666666667,40.36666666666667,44.43333333333334
2008,District of Columbia,50.6,49.1,52.2
2008,Florida,52.471641791044775,48.461194029850745,56.75671641791045
2008,Georgia,61.30943396226416,55.071698113207546,68.11069182389937
2008,Hawaii,42.675,40.3,45.15
2008,Idaho,40.52272727272727,34.47954545454545,47.584090909090904
2008,Illinois,39.62549019607843,35.11176470588235,44.627450980392155
2008,Indiana,42.79130434782609,38.68913043478261,47.22608695652174
2008,Iowa,31.84040404040404,27.26666666666667,37.01414141414141
2008,Kansas,41.37523809523809,34.24285714285714,49.90095238095238
2008,Kentucky,58.98083333333333,52.580000000000005,65.96833333333333
2008,Louisiana,60.9859375,55.7640625,66.5703125
2008,Maine,28.725,25.9375,31.725
2008,Maryland,32.5625,30.22083333333333,35.05833333333333
2008,Massachusetts,19.792857142857144,18.349999999999998,21.400000000000002
2008,Michigan,34.41927710843374,30.759036144578314,38.48192771084337
2008,Minnesota,28.94137931034483,24.942528735632184,33.49540229885057
2008,Mississippi,70.06951219512194,63.66463414634146,76.98902439024391
2008,Missouri,49.30956521739131,43.64782608695652,55.573043478260864
2008,Montana,34.5875,27.72142857142857,43.667857142857144
2008,Nebraska,29.559139784946236,22.55483870967742,39.23548387096774
2008,Nevada,44.65882352941176,37.78823529411765,53.317647058823525
2008,New Hampshire,21.2,19.21,23.28
2008,New Jersey,25.02857142857143,23.757142857142856,26.390476190476186
2008,New Mexico,62.76969696969697,56.275757575757574,70.26969696969697
2008,New York,25.608064516129033,23.611290322580647,27.758064516129032
2008,North Carolina,51.333,47.037,55.96
2008,North Dakota,29.78679245283019,22.79245283018868,39.14528301886792
2008,Ohio,40.320454545454545,37.13409090909091,43.71931818181818
2008,Oklahoma,63.210389610389605,56.46623376623376,70.612987012987
2008,Oregon,37.394444444444446,32.97777777777778,42.55555555555556
2008,Pennsylvania,29.22089552238806,26.750746268656716,31.92686567164179
2008,Rhode Island,18.36,17.06,19.759999999999998
2008,South Carolina,57.2695652173913,52.98260869565217,61.821739130434786
2008,South Dakota,38.38333333333333,31.063636363636363,47.52121212121212
2008,Tennessee,56.12105263157895,50.74421052631579,61.94631578947368
2008,Texas,66.76889763779528,58.73661417322835,76.28070866141732
2008,Utah,35.52068965517241,30.56206896551724,41.56551724137931
2008,Vermont,23.864285714285717,20.75,27.385714285714283
2008,Virginia,39.28345864661654,34.71954887218045,44.34812030075188
2008,Washington,39.05384615384615,35.34871794871795,43.212820512820514
2008,West Virginia,50.04909090909091,44.443636363636365,56.19090909090909
2008,Wisconsin,28.188888888888886,24.944444444444443,31.78194444444445
2008,Wyoming,42.339130434782604,36.52173913043478,48.98260869565217
2009,Alabama,52.73134328358209,48.12686567164179,57.67611940298508
2009,Alaska,47.512,39.72,57.056000000000004
2009,Arizona,59.373333333333335,55.78,63.20666666666667
2009,Arkansas,62.72,56.477333333333334,69.46133333333334
2009,California,35.494827586206895,32.93103448275862,38.36034482758621
2009,Colorado,38.9109375,32.403125,47.2078125
2009,Connecticut,17.85,16.8375,18.9
2009,Delaware,39.1,37.23333333333333,41.06666666666667
2009,District of Columbia,49.0,47.5,50.5
2009,Florida,49.29253731343283,45.419402985074626,53.419402985074626
2009,Georgia,58.07987421383648,52.07295597484277,64.64528301886793
2009,Hawaii,40.575,38.3,42.975
2009,Idaho,38.61818181818182,32.89090909090909,45.29772727272727
2009,Illinois,38.05882352941177,33.69509803921569,42.89509803921569
2009,Indiana,41.29673913043479,37.297826086956526,45.62065217391305
2009,Iowa,30.550505050505052,26.16363636363636,35.5040404040404
2009,Kansas,39.946666666666665,33.13428571428571,48.04761904761905
2009,Kentucky,57.32333333333334,51.0725,64.13416666666667
2009,Louisiana,58.721875,53.6140625,64.2140625
2009,Maine,27.55,24.83125,30.4875
2009,Maryland,30.558333333333334,28.320833333333336,32.9625
2009,Massachusetts,18.62857142857143,17.257142857142856,20.164285714285715
2009,Michigan,33.05783132530121,29.512048192771083,36.99518072289157
2009,Minnesota,27.660919540229884,23.82183908045977,32.0367816091954
2009,Mississippi,67.03658536585365,60.76341463414634,73.80000000000001
2009,Missouri,47.25826086956521,41.79565217391304,53.29826086956522
2009,Montana,33.56964285714286,26.994642857142857,42.158928571428575
2009,Nebraska,28.513978494623657,21.89032258064516,37.52258064516129
2009,Nevada,42.88235294117647,36.317647058823525,51.029411764705884
2009,New Hampshire,20.05,18.15,22.11
2009,New Jersey,23.495238095238093,22.25714285714286,24.785714285714285
2009,New Mexico,60.04545454545455,53.78787878787879,67.26666666666667
2009,New York,24.741935483870968,22.788709677419355,26.85483870967742
2009,North Carolina,48.47,44.336000000000006,52.923
2009,North Dakota,29.2377358490566,22.535849056603777,38.03584905660377
2009,Ohio,38.71477272727273,35.59431818181818,42.0375
2009,Oklahoma,61.23506493506494,54.687012987012984,68.42597402597403
2009,Oregon,35.75,31.511111111111113,40.69722222222222
2009,Pennsylvania,28.271641791044775,25.844776119402983,30.920895522388058
2009,Rhode Island,17.24,16.0,18.6
2009,South Carolina,54.24347826086956,50.084782608695654,58.665217391304346
2009,South Dakota,37.46212121212121,30.436363636363637,46.127272727272725
2009,Tennessee,53.62315789473684,48.41368421052632,59.26
2009,Texas,63.8755905511811,56.20826771653543,72.89960629921259
2009,Utah,33.90344827586207,29.179310344827588,39.55862068965517
2009,Vermont,23.042857142857144,20.021428571428572,26.435714285714287
2009,Virginia,37.31578947368421,32.94736842105263,42.18045112781955
2009,Washington,37.09230769230769,33.55641025641026,41.06666666666666
2009,West Virginia,49.338181818181816,43.82181818181818,55.372727272727275
2009,Wisconsin,26.88888888888889,23.74722222222222,30.36111111111111
2009,Wyoming,40.38260869565217,34.81304347826087,46.68695652173913
2010,Alabama,48.41044776119403,44.05671641791045,53.0910447761194
2010,Alaska,44.071999999999996,36.8,52.992
2010,Arizona,53.63333333333333,50.24666666666667,57.20666666666667
2010,Arkansas,58.05866666666666,52.13733333333334,64.46533333333333
2010,California,32.19655172413793,29.78965517241379,34.87241379310345
2010,Colorado,34.9671875,28.990625,42.5546875
2010,Connecticut,15.7875,14.825,16.7375
2010,Delaware,34.733333333333334,33.0,36.53333333333333
2010,District of Columbia,44.9,43.5,46.3
2010,Florida,44.45820895522388,40.84477611940299,48.332835820895525
2010,Georgia,52.733333333333334,47.11194968553459,58.903773584905665
2010,Hawaii,36.75,34.625,38.975
2010,Idaho,35.25,29.963636363636365,41.44318181818182
2010,Illinois,35.017647058823535,30.915686274509806,39.574509803921565
2010,Indiana,38.214130434782604,34.43586956521739,42.31195652173913
2010,Iowa,28.03030303030303,23.936363636363634,32.666666666666664
2010,Kansas,36.88952380952381,30.542857142857144,44.43523809523809
2010,Kentucky,53.40916666666667,47.486666666666665,59.880833333333335
2010,Louisiana,54.228125,49.378125,59.446875
2010,Maine,25.26875,22.7125,28.04375
2010,Maryland,27.45,25.3625,29.695833333333336
2010,Massachusetts,16.70714285714286,15.435714285714285,18.107142857142858
2010,Michigan,30.451807228915662,27.10843373493976,34.16385542168675
2010,Minnesota,25.3,21.705747126436783,29.39425287356322
2010,Mississippi,61.31707317073171,55.37926829268293,67.73414634146341
2010,Missouri,43.42434782608696,38.297391304347826,49.10434782608696
2010,Montana,31.208928571428572,25.0625,39.207142857142856
2010,Nebraska,26.363440860215057,20.24301075268817,34.64193548387097
2010,Nevada,39.44117647058823,33.33529411764706,47.00588235294118
2010,New Hampshire,18.15,16.39,20.080000000000002
2010,New Jersey,21.09047619047619,19.947619047619046,22.304761904761907
2010,New Mexico,54.95151515151515,49.084848484848486,61.736363636363635
2010,New York,22.9,21.048387096774192,24.898387096774194
2010,North Carolina,43.816,39.965,47.978
2010,North Dakota,27.477358490566036,21.20943396226415,35.64716981132075
2010,Ohio,35.617045454545455,32.679545454545455,38.75681818181818
2010,Oklahoma,56.753246753246756,50.579220779220776,63.541558441558436
2010,Oregon,32.65833333333333,28.71388888888889,37.31388888888889
2010,Pennsylvania,26.219402985074627,23.91044776119403,28.735820895522387
2010,Rhode Island,15.48,14.319999999999999,16.72
2010,South Carolina,49.189130434782605,45.2804347826087,53.356521739130436
2010,South Dakota,35.04848484848485,28.457575757575757,43.13636363636363
2010,Tennessee,49.16947368421053,44.28,54.47157894736842
2010,Texas,58.57007874015748,51.428346456692914,66.96102362204724
2010,Utah,30.879310344827587,26.53448275862069,36.07586206896552
2010,Vermont,21.235714285714288,18.385714285714283,24.442857142857143
2010,Virginia,33.984210526315785,29.906015037593985,38.52255639097744
2010,Washington,33.669230769230765,30.366666666666667,37.364102564102566
2010,West Virginia,46.519999999999996,41.24181818181818,52.30181818181818
2010,Wisconsin,24.49722222222222,21.556944444444444,27.762500000000003
2010,Wyoming,36.82608695652174,31.678260869565218,42.67391304347826
2011,Alabama,45.298507462686565,41.099999999999994,49.82238805970149
2011,Alaska,41.523999999999994,34.5,50.184
2011,Arizona,49.35333333333333,46.126666666666665,52.77333333333333
2011,Arkansas,54.704,48.976,60.92933333333333
2011,California,29.727586206896554,27.413793103448278,32.310344827586206
2011,Colorado,31.921875,26.290625,39.1625
2011,Connecticut,14.175,13.3,15.0875
2011,Delaware,31.566666666666663,29.933333333333334,33.266666666666666
2011,District of Columbia,41.2,39.8,42.6
2011,Florida,40.95671641791045,37.50149253731343,44.668656716417914
2011,Georgia,48.75094339622641,43.36289308176101,54.66540880503144
2011,Hawaii,33.725,31.7,35.825
2011,Idaho,32.768181818181816,27.729545454545452,38.69772727272727
2011,Illinois,32.80294117647059,28.84313725490196,37.205882352941174
2011,Indiana,36.017391304347825,32.36413043478261,39.97717391304348
2011,Iowa,26.157575757575756,22.235353535353536,30.61919191919192
2011,Kansas,34.62095238095238,28.51809523809524,41.89714285714285
2011,Kentucky,50.64,44.8975,56.92833333333333
2011,Louisiana,50.95625,46.24375,56.0140625
2011,Maine,23.6,21.1375,26.28125
2011,Maryland,25.083333333333332,23.108333333333334,27.212500000000002
2011,Massachusetts,15.192857142857141,13.97857142857143,16.514285714285712
2011,Michigan,28.575903614457832,25.359036144578315,32.169879518072285
2011,Minnesota,23.54597701149425,20.101149425287357,27.482758620689655
2011,Mississippi,56.96463414634147,51.24146341463415,63.17560975609756
2011,Missouri,40.64521739130435,35.72,46.12695652173913
2011,Montana,29.541071428571428,23.592857142857145,37.30357142857143
2011,Nebraska,24.829032258064515,18.95806451612903,32.7989247311828
2011,Nevada,36.98823529411764,31.11176470588235,44.28823529411765
2011,New Hampshire,16.77,15.05,18.580000000000002
2011,New Jersey,19.271428571428572,18.17142857142857,20.41904761904762
2011,New Mexico,51.054545454545455,45.418181818181814,57.627272727272725
2011,New York,21.559677419354838,19.759677419354837,23.490322580645163
2011,North Carolina,40.33,36.669000000000004,44.3
2011,North Dakota,26.275471698113204,20.21509433962264,34.18301886792453
2011,Ohio,33.38181818181818,30.557954545454546,36.419318181818184
2011,Oklahoma,53.40649350649351,47.46363636363636,59.95584415584416
2011,Oregon,30.375,26.555555555555557,34.849999999999994
2011,Pennsylvania,24.74776119402985,22.5044776119403,27.200000000000003
2011,Rhode Island,14.14,13.040000000000001,15.3
2011,South Carolina,45.37826086956522,41.63913043478261,49.373913043478254
2011,South Dakota,33.35606060606061,26.993939393939392,41.20454545454545
2011,Tennessee,45.95789473684211,41.27263157894737,51.07157894736842
2011,Texas,54.60472440944882,47.792125984251975,62.646062992125984
2011,Utah,28.606896551724137,24.47241379310345,33.52413793103448
2011,Vermont,19.885714285714283,17.164285714285715,22.964285714285715
2011,Virginia,31.524060150375938,27.62406015037594,35.874436090225565
2011,Washington,31.056410256410256,27.923076923076923,34.58717948717949
2011,West Virginia,44.525454545454544,39.36727272727273,50.18181818181818
2011,Wisconsin,22.67638888888889,19.870833333333334,25.816666666666666
2011,Wyoming,34.1695652173913,29.26521739130435,39.76521739130435
2012,Alabama,43.417910447761194,39.277611940298506,47.900000000000006
2012,Alaska,39.92,32.94,48.652
2012,Arizona,46.480000000000004,43.34666666666667,49.82666666666667
2012,Arkansas,52.73466666666666,47.064,58.916
2012,California,28.051724137931036,25.775862068965516,30.629310344827587
2012,Colorado,29.8171875,24.3125,36.984375
2012,Connecticut,12.9875,12.1875,13.875
2012,Delaware,29.53333333333333,27.96666666666667,31.233333333333334
2012,District of Columbia,38.0,36.7,39.3
2012,Florida,38.708955223880594,35.34179104477612,42.352238805970146
2012,Georgia,46.10251572327044,40.82201257861635,51.93018867924528
2012,Hawaii,31.575000000000003,29.65,33.650000000000006
2012,Idaho,31.186363636363637,26.25681818181818,37.050000000000004
2012,Illinois,31.445098039215686,27.52647058823529,35.826470588235296
2012,Indiana,34.733695652173914,31.12608695652174,38.6695652173913
2012,Iowa,24.95050505050505,21.084848484848486,29.381818181818183
2012,Kansas,33.18571428571428,27.133333333333333,40.469523809523814
2012,Kentucky,49.08166666666667,43.380833333333335,55.335
2012,Louisiana,48.91875,44.271875,53.9296875
2012,Maine,22.55,20.11875,25.2
2012,Maryland,23.483333333333334,21.566666666666666,25.545833333333334
2012,Massachusetts,14.078571428571431,12.928571428571429,15.37142857142857
2012,Michigan,27.44216867469879,24.248192771084337,31.015662650602412
2012,Minnesota,22.422988505747124,19.026436781609195,26.32758620689655
2012,Mississippi,54.080487804878054,48.44390243902439,60.22682926829269
2012,Missouri,38.94608695652174,34.07739130434783,44.37391304347826
2012,Montana,28.6125,22.635714285714283,36.489285714285714
2012,Nebraska,23.956989247311828,18.091397849462364,32.00430107526882
2012,Nevada,35.5,29.647058823529413,42.870588235294115
2012,New Hampshire,15.819999999999999,14.169999999999998,17.619999999999997
2012,New Jersey,17.961904761904762,16.904761904761905,19.066666666666666
2012,New Mexico,48.372727272727275,42.84545454545455,54.93939393939394
2012,New York,20.71451612903226,18.943548387096776,22.643548387096775
2012,North Carolina,38.003,34.428000000000004,41.891000000000005
2012,North Dakota,25.671698113207544,19.58867924528302,33.68867924528302
2012,Ohio,32.050000000000004,29.25340909090909,35.04318181818182
2012,Oklahoma,51.28051948051948,45.422077922077925,57.76103896103896
2012,Oregon,28.852777777777778,25.077777777777776,33.325
2012,Pennsylvania,23.87462686567164,21.64179104477612,26.32089552238806
2012,Rhode Island,13.219999999999999,12.139999999999999,14.36
2012,South Carolina,42.81304347826087,39.154347826086955,46.75869565217391
2012,South Dakota,32.45151515151515,26.075757575757574,40.381818181818176
2012,Tennessee,44.012631578947364,39.39263157894737,49.05157894736842
2012,Texas,52.04448818897637,45.36062992125984,59.996456692913384
2012,Utah,27.07586206896552,23.03103448275862,31.920689655172417
2012,Vermont,19.00714285714286,16.3,22.071428571428573
2012,Virginia,29.930827067669174,26.10375939849624,34.2203007518797
2012,Washington,29.27948717948718,26.205128205128204,32.756410256410255
2012,West Virginia,43.42,38.265454545454546,49.09636363636364
2012,Wisconsin,21.45138888888889,18.706944444444446,24.544444444444444
2012,Wyoming,32.40869565217391,27.62608695652174,37.93478260869565
2013,Alabama,40.0089552238806,36.06567164179105,44.28805970149254
2013,Alaska,36.804,30.072,45.388000000000005
2013,Arizona,41.94666666666667,38.986666666666665,45.080000000000005
2013,Arkansas,48.849333333333334,43.42933333333333,54.76266666666666
2013,California,25.367241379310343,23.2,27.843103448275862
2013,Colorado,26.7296875,21.5203125,33.6734375
2013,Connecticut,11.4625,10.6875,12.275
2013,Delaware,26.666666666666668,25.2,28.266666666666666
2013,District of Columbia,33.2,32.0,34.5
2013,Florida,35.189552238805966,32.014925373134325,38.647761194029854
2013,Georgia,41.89182389937107,36.899371069182386,47.44779874213836
2013,Hawaii,28.400000000000002,26.575,30.275
2013,Idaho,28.49090909090909,23.802272727272726,34.11136363636364
2013,Illinois,28.92450980392157,25.177450980392155,33.135294117647064
2013,Indiana,32.13369565217391,28.70108695652174,35.88695652173913
2013,Iowa,22.825252525252523,19.13131313131313,27.07070707070707
2013,Kansas,30.50190476190476,24.663809523809523,37.59904761904762
2013,Kentucky,45.623333333333335,40.174166666666665,51.63166666666667
2013,Louisiana,45.0453125,40.634375,49.840625
2013,Maine,20.63125,18.3375,23.15
2013,Maryland,21.125,19.341666666666665,23.066666666666666
2013,Massachusetts,12.478571428571428,11.407142857142857,13.707142857142857
2013,Michigan,25.259036144578314,22.20843373493976,28.704819277108435
2013,Minnesota,20.471264367816094,17.23793103448276,24.22873563218391
2013,Mississippi,49.332926829268295,43.99024390243902,55.19878048780488
2013,Missouri,35.823478260869564,31.19304347826087,41.02782608695652
2013,Montana,26.599999999999998,20.782142857142855,34.44464285714286
2013,Nebraska,22.183870967741935,16.48709677419355,30.170967741935485
2013,Nevada,32.752941176470586,27.04705882352941,40.04705882352941
2013,New Hampshire,14.319999999999999,12.74,16.009999999999998
2013,New Jersey,16.05238095238095,15.066666666666666,17.1
2013,New Mexico,43.86666666666667,38.64242424242424,50.20909090909091
2013,New York,19.038709677419355,17.35483870967742,20.883870967741935
2013,North Carolina,34.424,31.049,38.094
2013,North Dakota,24.037735849056602,18.09622641509434,32.02075471698113
2013,Ohio,29.5375,26.88295454545454,32.38409090909091
2013,Oklahoma,47.15844155844156,41.579220779220776,53.34155844155844
2013,Oregon,26.266666666666666,22.666666666666668,30.605555555555554
2013,Pennsylvania,22.03731343283582,19.89701492537313,24.398507462686567
2013,Rhode Island,11.760000000000002,10.78,12.8
2013,South Carolina,38.80434782608695,35.339130434782604,42.528260869565216
2013,South Dakota,30.29848484848485,24.09242424242424,38.125757575757575
2013,Tennessee,40.49894736842106,36.10736842105263,45.30105263157895
2013,Texas,47.605905511811024,41.258661417322834,55.24370078740157
2013,Utah,24.548275862068966,20.73448275862069,29.217241379310344
2013,Vermont,17.34285714285714,14.778571428571428,20.285714285714285
2013,Virginia,27.28796992481203,23.663909774436092,31.378195488721804
2013,Washington,26.453846153846154,23.558974358974357,29.77179487179487
2013,West Virginia,40.46,35.50545454545455,45.93272727272728
2013,Wisconsin,19.444444444444443,16.845833333333335,22.398611111111112
2013,Wyoming,29.508695652173916,24.960869565217394,34.77391304347826
2014,Alabama,37.42089552238806,33.60746268656716,41.56417910447762
2014,Alaska,34.328,27.732,42.968
2014,Arizona,38.266666666666666,35.45333333333333,41.26
2014,Arkansas,45.832,40.574666666666666,51.616
2014,California,23.20344827586207,21.087931034482757,25.61896551724138
2014,Colorado,24.2953125,19.265625,31.171875
2014,Connecticut,10.25,9.549999999999999,11.0
2014,Delaware,24.53333333333333,23.133333333333336,26.03333333333333
2014,District of Columbia,29.4,28.3,30.6
2014,Florida,32.48955223880597,29.449253731343287,35.808955223880595
2014,Georgia,38.60314465408805,33.78805031446541,43.988679245283016
2014,Hawaii,25.8,24.125,27.6
2014,Idaho,26.347727272727273,21.831818181818182,31.86590909090909
2014,Illinois,26.951960784313723,23.308823529411764,31.084313725490194
2014,Indiana,30.10326086956522,26.78369565217391,33.75217391304348
2014,Iowa,21.143434343434343,17.547474747474748,25.31919191919192
2014,Kansas,28.386666666666667,22.635238095238094,35.49523809523809
2014,Kentucky,42.901666666666664,37.594166666666666,48.76833333333333
2014,Louisiana,41.9984375,37.7359375,46.65
2014,Maine,19.09375,16.9,21.50625
2014,Maryland,19.341666666666665,17.6375,21.175
2014,Massachusetts,11.214285714285714,10.192857142857141,12.4
2014,Michigan,23.550602409638554,20.566265060240966,26.93012048192771
2014,Minnesota,18.945977011494254,15.80344827586207,22.636781609195403
2014,Mississippi,45.6219512195122,40.46829268292683,51.32073170731707
2014,Missouri,33.40608695652174,28.906956521739133,38.490434782608695
2014,Montana,25.053571428571427,19.226785714285715,33.09464285714286
2014,Nebraska,20.8247311827957,15.149462365591399,29.029032258064515
2014,Nevada,30.623529411764707,24.95294117647059,38.05882352941177
2014,New Hampshire,13.09,11.62,14.73
2014,New Jersey,14.59047619047619,13.661904761904761,15.58095238095238
2014,New Mexico,40.18787878787879,35.14848484848485,46.4030303030303
2014,New York,17.708064516129035,16.074193548387097,19.490322580645163
2014,North Carolina,31.655,28.43,35.18
2014,North Dakota,22.79245283018868,16.841509433962266,30.99433962264151
2014,Ohio,27.6,25.047727272727272,30.34090909090909
2014,Oklahoma,43.82857142857143,38.44025974025974,49.84415584415584
2014,Oregon,24.197222222222223,20.694444444444443,28.516666666666666
2014,Pennsylvania,20.585074626865673,18.497014925373133,22.9
2014,Rhode Island,10.58,9.66,11.559999999999999
2014,South Carolina,35.67826086956522,32.36086956521739,39.267391304347825
2014,South Dakota,28.631818181818183,22.45,36.584848484848486
2014,Tennessee,37.76631578947369,33.53052631578947,42.421052631578945
2014,Texas,44.04685039370079,37.90866141732283,51.54448818897637
2014,Utah,22.558620689655175,18.858620689655172,27.158620689655173
2014,Vermont,15.978571428571428,13.507142857142856,18.842857142857145
2014,Virginia,25.227067669172932,21.721804511278197,29.22330827067669
2014,Washington,24.205128205128204,21.435897435897434,27.42820512820513
2014,West Virginia,38.02363636363636,33.194545454545455,43.41454545454546
2014,Wisconsin,17.851388888888888,15.34861111111111,20.702777777777776
2014,Wyoming,27.2,22.791304347826088,32.36521739130435
2015,Alabama,35.25970149253732,31.528358208955225,39.34626865671642
2015,Alaska,32.18,25.592,41.023999999999994
2015,Arizona,35.04,32.34,37.93333333333333
2015,Arkansas,43.25333333333333,38.064,48.98266666666667
2015,California,21.28793103448276,19.20344827586207,23.71379310344828
2015,Colorado,22.21875,17.290625,29.178125
2015,Connecticut,9.25,8.5875,9.9875
2015,Delaware,22.833333333333332,21.46666666666667,24.266666666666666
2015,District of Columbia,26.3,25.2,27.4
2015,Florida,30.21492537313433,27.26865671641791,33.44477611940299
2015,Georgia,35.77987421383648,31.064779874213837,41.09685534591195
2015,Hawaii,23.6,22.0,25.3
2015,Idaho,24.5,20.06590909090909,30.011363636363637
2015,Illinois,25.249019607843138,21.64313725490196,29.377450980392158
2015,Indiana,28.34891304347826,25.09130434782609,31.940217391304348
2015,Iowa,19.696969696969695,16.140404040404043,23.879797979797978
2015,Kansas,26.56285714285714,20.81904761904762,33.825714285714284
2015,Kentucky,40.50333333333333,35.2725,46.339166666666664
2015,Louisiana,39.3609375,35.1734375,43.9265625
2015,Maine,17.7375,15.59375,20.11875
2015,Maryland,17.841666666666665,16.2,19.641666666666666
2015,Massachusetts,10.15,9.15,11.314285714285715
2015,Michigan,22.06867469879518,19.1144578313253,25.45542168674699
2015,Minnesota,17.626436781609197,14.51609195402299,21.348275862068967
2015,Mississippi,42.4890243902439,37.44024390243902,48.11585365853659
2015,Missouri,31.32782608695652,26.887826086956522,36.39739130434783
2015,Montana,23.7,17.782142857142855,32.144642857142856
2015,Nebraska,19.677419354838708,13.929032258064517,28.296774193548387
2015,Nevada,28.758823529411764,23.035294117647055,36.51176470588235
2015,New Hampshire,12.05,10.6,13.61
2015,New Jersey,13.395238095238096,12.504761904761907,14.328571428571427
2015,New Mexico,36.92121212121212,32.03636363636364,43.0969696969697
2015,New York,16.543548387096774,14.94516129032258,18.293548387096774
2015,North Carolina,29.311999999999998,26.183000000000003,32.771
2015,North Dakota,21.722641509433963,15.654716981132076,30.333962264150944
2015,Ohio,25.936363636363637,23.463636363636365,28.619318181818183
2015,Oklahoma,40.87792207792208,35.61038961038961,46.83116883116883
2015,Oregon,22.38611111111111,18.924999999999997,26.730555555555554
2015,Pennsylvania,19.29402985074627,17.237313432835823,21.61492537313433
2015,Rhode Island,9.559999999999999,8.66,10.52
2015,South Carolina,33.05217391304348,29.849999999999998,36.547826086956526
2015,South Dakota,27.2,20.933333333333334,35.45757575757575
2015,Tennessee,35.41894736842105,31.27263157894737,40.0
2015,Texas,40.90511811023622,34.883464566929135,48.39724409448819
2015,Utah,20.803448275862067,17.165517241379312,25.43793103448276
2015,Vermont,14.778571428571428,12.328571428571427,17.614285714285714
2015,Virginia,23.483458646616544,20.03233082706767,27.45563909774436
2015,Washington,22.27179487179487,19.566666666666666,25.443589743589744
2015,West Virginia,35.81818181818182,31.02,41.19636363636364
2015,Wisconsin,16.459722222222222,14.016666666666667,19.293055555555554
2015,Wyoming,25.186956521739127,20.83913043478261,30.347826086956523
2016,Alabama,33.007462686567166,29.29850746268657,37.080597014925374
2016,Alaska,29.86,23.291999999999998,38.98
2016,Arizona,31.80666666666667,29.206666666666663,34.593333333333334
2016,Arkansas,40.462666666666664,35.29333333333334,46.20933333333333
2016,California,19.31551724137931,17.270689655172415,21.7551724137931
2016,Colorado,20.153125,15.31875,27.2234375
2016,Connecticut,8.3375,7.7,9.0125
2016,Delaware,21.166666666666668,19.866666666666664,22.566666666666666
2016,District of Columbia,23.3,22.3,24.3
2016,Florida,27.9089552238806,25.019402985074628,31.082089552238806
2016,Georgia,32.90188679245283,28.260377358490565,38.21383647798742
2016,Hawaii,21.4,19.85,23.025
2016,Idaho,22.572727272727274,18.197727272727274,28.106818181818184
2016,Illinois,23.437254901960785,19.850980392156863,27.59607843137255
2016,Indiana,26.45434782608696,23.22826086956522,30.042391304347827
2016,Iowa,18.185858585858586,14.635353535353536,22.424242424242426
2016,Kansas,24.67238095238095,18.886666666666667,32.151428571428575
2016,Kentucky,37.87833333333333,32.6575,43.74666666666667
2016,Louisiana,36.559375,32.440625,41.1
2016,Maine,16.3,14.18125,18.65625
2016,Maryland,16.379166666666666,14.791666666666666,18.141666666666666
2016,Massachusetts,9.135714285714286,8.171428571428573,10.285714285714286
2016,Michigan,20.502409638554216,17.559036144578315,23.930120481927712
2016,Minnesota,16.27241379310345,13.15977011494253,20.032183908045976
2016,Mississippi,39.30121951219512,34.30975609756098,44.93414634146341
2016,Missouri,29.14086956521739,24.721739130434784,34.24695652173913
2016,Montana,22.226785714285715,16.205357142857142,31.173214285714288
2016,Nebraska,18.459139784946238,12.613978494623655,27.58279569892473
2016,Nevada,26.764705882352942,20.98235294117647,34.89411764705883
2016,New Hampshire,10.940000000000001,9.55,12.51
2016,New Jersey,12.257142857142856,11.404761904761905,13.152380952380952
2016,New Mexico,33.584848484848486,28.83030303030303,39.766666666666666
2016,New York,15.311290322580644,13.745161290322581,17.059677419354838
2016,North Carolina,26.962,23.894000000000002,30.377
2016,North Dakota,20.515094339622642,14.326415094339621,29.62452830188679
2016,Ohio,24.169318181818184,21.740909090909092,26.818181818181817
2016,Oklahoma,37.77792207792208,32.57532467532468,43.71818181818182
2016,Oregon,20.475,17.049999999999997,24.891666666666666
2016,Pennsylvania,17.928358208955224,15.877611940298507,20.253731343283583
2016,Rhode Island,8.58,7.7,9.5
2016,South Carolina,30.434782608695652,27.30652173913043,33.86739130434783
2016,South Dakota,25.615151515151513,19.265151515151516,34.268181818181816
2016,Tennessee,32.937894736842104,28.846315789473685,37.49263157894737
2016,Texas,37.6015748031496,31.68070866141732,45.14527559055118
2016,Utah,18.99655172413793,15.403448275862068,23.724137931034484
2016,Vermont,13.5,11.064285714285715,16.364285714285714
2016,Virginia,21.695488721804512,18.269924812030077,25.69624060150376
2016,Washington,20.284615384615385,17.643589743589743,23.43076923076923
2016,West Virginia,33.372727272727275,28.578181818181818,38.80727272727273
2016,Wisconsin,15.047222222222224,12.6375,17.873611111111114
2016,Wyoming,23.095652173913045,18.782608695652176,28.308695652173913
2017,Alabama,31.46119402985075,27.623880597014924,35.72537313432836
2017,Alaska,28.148000000000003,21.424,37.836
2017,Arizona,29.313333333333333,26.746666666666666,32.14666666666667
2017,Arkansas,38.476,33.10933333333333,44.522666666666666
2017,California,17.78103448275862,15.691379310344828,20.32241379310345
2017,Colorado,18.59375,13.7328125,25.9828125
2017,Connecticut,7.675000000000001,7.025,8.3375
2017,Delaware,20.0,18.733333333333334,21.333333333333332
2017,District of Columbia,21.0,20.0,21.9
2017,Florida,26.223880597014926,23.297014925373137,29.48507462686567
2017,Georgia,30.774842767295596,26.019496855345913,36.302515723270446
2017,Hawaii,19.65,18.150000000000002,21.25
2017,Idaho,21.147727272727273,16.68409090909091,26.9
2017,Illinois,22.113725490196078,18.402941176470588,26.484313725490196
2017,Indiana,25.09021739130435,21.75978260869565,28.844565217391303
2017,Iowa,17.074747474747475,13.424242424242424,21.535353535353536
2017,Kansas,23.321904761904765,17.34190476190476,31.27333333333333
2017,Kentucky,35.9675,30.540000000000003,42.151666666666664
2017,Louisiana,34.5265625,30.28125,39.24375
2017,Maine,15.200000000000001,13.04375,17.65
2017,Maryland,15.320833333333333,13.7125,17.120833333333334
2017,Massachusetts,8.364285714285714,7.414285714285714,9.535714285714286
2017,Michigan,19.36144578313253,16.32048192771084,22.980722891566266
2017,Minnesota,15.267816091954023,12.071264367816093,19.22758620689655
2017,Mississippi,37.02439024390244,31.867073170731707,42.915853658536584
2017,Missouri,27.56086956521739,22.988695652173913,32.93739130434783
2017,Montana,21.19464285714286,14.873214285714285,30.98392857142857
2017,Nebraska,17.627956989247313,11.549462365591397,27.60645161290323
2017,Nevada,25.3,19.276470588235295,34.11176470588235
2017,New Hampshire,10.11,8.67,11.7
2017,New Jersey,11.452380952380953,10.609523809523811,12.352380952380951
2017,New Mexico,31.048484848484847,26.28787878787879,37.42727272727272
2017,New York,14.417741935483871,12.811290322580644,16.238709677419354
2017,North Carolina,25.253,22.125,28.78
2017,North Dakota,19.71320754716981,13.233962264150943,29.654716981132076
2017,Ohio,22.897727272727273,20.40681818181818,25.63181818181818
2017,Oklahoma,35.46233766233766,30.102597402597404,41.64805194805195
2017,Oregon,18.99722222222222,15.519444444444446,23.66111111111111
2017,Pennsylvania,16.93582089552239,14.813432835820896,19.364179104477614
2017,Rhode Island,7.779999999999999,6.94,8.72
2017,South Carolina,28.55,25.36521739130435,32.06956521739131
2017,South Dakota,24.533333333333335,17.893939393939394,33.89848484848485
2017,Tennessee,31.13684210526316,26.92,35.898947368421055
2017,Texas,35.11417322834646,29.082283464566927,42.988582677165354
2017,Utah,17.631034482758622,13.96206896551724,22.620689655172413
2017,Vermont,12.514285714285714,10.028571428571428,15.521428571428572
2017,Virginia,20.41203007518797,16.874436090225565,24.609774436090223
2017,Washington,18.766666666666666,16.094871794871796,22.0
2017,West Virginia,31.583636363636362,26.581818181818182,37.32909090909091
2017,Wisconsin,13.988888888888889,11.523611111111112,16.92361111111111
2017,Wyoming,21.51304347826087,17.09130434782609,26.969565217391303
2018,Alabama,30.007462686567163,25.882089552238806,34.668656716417914
2018,Alaska,26.524,19.524,36.967999999999996
2018,Arizona,27.013333333333332,24.32,29.98
2018,Arkansas,36.577333333333335,30.817333333333337,43.181333333333335
2018,California,16.334482758620688,14.170689655172414,19.07241379310345
2018,Colorado,17.1625,12.221875,24.9765625
2018,Connecticut,7.05,6.3999999999999995,7.762499999999999
2018,Delaware,18.900000000000002,17.533333333333335,20.233333333333334
2018,District of Columbia,18.8,17.9,19.7
2018,Florida,24.65223880597015,21.558208955223883,28.138805970149253
2018,Georgia,28.78993710691824,23.789937106918238,34.71949685534591
2018,Hawaii,17.925,16.375,19.575000000000003
2018,Idaho,19.779545454545456,15.161363636363637,25.904545454545453
2018,Illinois,20.85490196078431,16.940196078431374,25.567647058823532
2018,Indiana,23.786956521739132,20.221739130434784,27.85978260869565
2018,Iowa,16.034343434343434,12.194949494949494,20.827272727272728
2018,Kansas,22.076190476190476,15.807619047619047,30.676190476190477
2018,Kentucky,34.12083333333333,28.314166666666665,40.86416666666666
2018,Louisiana,32.6125,28.0875,37.721875
2018,Maine,14.15625,11.86875,16.8
2018,Maryland,14.379166666666668,12.670833333333334,16.266666666666666
2018,Massachusetts,7.65,6.664285714285714,8.878571428571428
2018,Michigan,18.287951807228918,15.049397590361444,22.21566265060241
2018,Minnesota,14.327586206896552,10.975862068965517,18.591954022988507
2018,Mississippi,34.923170731707316,29.418292682926833,41.324390243902435
2018,Missouri,26.06695652173913,21.22434782608696,31.891304347826086
2018,Montana,20.22142857142857,13.510714285714286,31.10892857142857
2018,Nebraska,16.874193548387098,10.478494623655914,27.91505376344086
2018,Nevada,23.935294117647057,17.558823529411764,33.588235294117645
2018,New Hampshire,9.32,7.82,11.03
2018,New Jersey,10.757142857142858,9.880952380952381,11.695238095238095
2018,New Mexico,28.696969696969695,23.78787878787879,35.43939393939394
2018,New York,13.580645161290322,11.879032258064516,15.535483870967743
2018,North Carolina,23.671,20.36,27.461
2018,North Dakota,18.962264150943398,12.1188679245283,29.92641509433962
2018,Ohio,21.68522727272727,19.025000000000002,24.64090909090909
2018,Oklahoma,33.275324675324676,27.61298701298701,39.93896103896104
2018,Oregon,17.605555555555554,13.977777777777778,22.61388888888889
2018,Pennsylvania,15.971641791044775,13.714925373134328,18.62686567164179
2018,Rhode Island,7.1,6.22,8.059999999999999
2018,South Carolina,26.819565217391304,23.452173913043477,30.604347826086954
2018,South Dakota,23.521212121212123,16.492424242424242,33.78636363636364
2018,Tennessee,29.430526315789475,24.93263157894737,34.58736842105263
2018,Texas,32.79015748031496,26.50236220472441,41.20866141732284
2018,Utah,16.334482758620688,12.53448275862069,21.70689655172414
2018,Vermont,11.571428571428571,8.985714285714286,14.799999999999999
2018,Virginia,19.21654135338346,15.481954887218045,23.763157894736842
2018,Washington,17.33846153846154,14.56923076923077,20.76923076923077
2018,West Virginia,29.869090909090907,24.507272727272728,36.14727272727273
2018,Wisconsin,13.005555555555555,10.433333333333334,16.143055555555556
2018,Wyoming,20.008695652173913,15.42608695652174,25.830434782608698
2019,Alabama,29.577611940298507,24.829850746268654,35.047761194029846
2019,Alaska,25.816,18.212,37.544000000000004
2019,Arizona,25.626666666666665,22.60666666666667,29.04
2019,Arkansas,35.88133333333333,29.314666666666664,43.55466666666666
2019,California,15.505172413793103,13.081034482758621,18.617241379310343
2019,Colorado,16.3515625,11.121875,24.9640625
2019,Connecticut,6.725,6.0,7.55
2019,Delaware,18.366666666666667,16.833333333333332,19.966666666666665
2019,District of Columbia,17.4,16.4,18.4
2019,Florida,23.919402985074626,20.417910447761194,27.949253731343283
2019,Georgia,27.798113207547168,22.234591194968555,34.54968553459119
2019,Hawaii,16.8,15.075,18.7
2019,Idaho,19.12272727272727,14.104545454545455,25.95
2019,Illinois,20.300980392156863,15.944117647058823,25.689215686274512
2019,Indiana,23.255434782608695,19.203260869565216,27.997826086956525
2019,Iowa,15.55050505050505,11.347474747474749,20.955555555555556
2019,Kansas,21.59809523809524,14.767619047619046,31.31047619047619
2019,Kentucky,33.38666666666667,26.80666666666667,41.195
2019,Louisiana,31.7796875,26.63125,37.728125
2019,Maine,13.625,11.03125,16.625
2019,Maryland,13.929166666666667,12.012500000000001,16.1125
2019,Massachusetts,7.228571428571429,6.1571428571428575,8.592857142857143
2019,Michigan,17.82048192771084,14.196385542168674,22.34457831325301
2019,Minnesota,13.888505747126436,10.208045977011494,18.70229885057471
2019,Mississippi,34.02073170731707,27.784146341463416,41.43414634146341
2019,Missouri,25.458260869565216,20.023478260869563,32.12434782608696
2019,Montana,19.967857142857145,12.5625,32.56428571428571
2019,Nebraska,16.713978494623657,9.737634408602151,29.41720430107527
2019,Nevada,23.341176470588238,16.341176470588238,34.411764705882355
2019,New Hampshire,8.84,7.19,10.809999999999999
2019,New Jersey,10.442857142857143,9.423809523809524,11.533333333333333
2019,New Mexico,27.369696969696967,22.01818181818182,34.90909090909091
2019,New York,13.19516129032258,11.251612903225807,15.479032258064517
2019,North Carolina,22.918000000000003,19.182000000000002,27.29
2019,North Dakota,18.860377358490567,11.349056603773585,31.464150943396223
2019,Ohio,21.19090909090909,18.125,24.64431818181818
2019,Oklahoma,32.21688311688312,25.874025974025972,39.84285714285714
2019,Oregon,16.827777777777776,12.852777777777778,22.483333333333334
2019,Pennsylvania,15.559701492537313,12.982089552238808,18.646268656716416
2019,Rhode Island,6.659999999999999,5.7,7.74
2019,South Carolina,26.01304347826087,22.167391304347827,30.404347826086955
2019,South Dakota,23.28939393939394,15.551515151515153,35.04848484848485
2019,Tennessee,28.695789473684208,23.606315789473683,34.677894736842106
2019,Texas,31.608267716535433,24.706299212598424,41.0988188976378
2019,Utah,15.644827586206896,11.50344827586207,21.7
2019,Vermont,11.042857142857143,8.214285714285714,14.678571428571429
2019,Virginia,18.694736842105264,14.538345864661656,23.905263157894737
2019,Washington,16.535897435897436,13.494871794871793,20.407692307692308
2019,West Virginia,29.147272727272725,23.083636363636362,36.42363636363636
2019,Wisconsin,12.479166666666666,9.661111111111111,16.01111111111111
2019,Wyoming,19.204347826086956,14.200000000000001,25.752173913043475
2020,Alabama,28.208955223880597,22.776119402985074,34.62686567164179
2020,Alaska,24.311999999999998,16.256,37.196
2020,Arizona,23.506666666666664,20.066666666666666,27.48
2020,Arkansas,34.041333333333334,26.673333333333332,42.90933333333333
2020,California,14.217241379310344,11.539655172413791,17.77758620689655
2020,Colorado,15.084375,9.690625,24.3375
2020,Connecticut,6.199999999999999,5.3375,7.175000000000001
2020,Delaware,17.3,15.466666666666667,19.3
2020,District of Columbia,15.5,14.3,16.8
2020,Florida,22.449253731343283,18.48358208955224,27.120895522388057
2020,Georgia,25.950943396226414,19.87735849056604,33.54779874213837
2020,Hawaii,15.225,13.2,17.45
2020,Idaho,17.875,12.534090909090908,25.35909090909091
2020,Illinois,19.11764705882353,14.347058823529412,25.17450980392157
2020,Indiana,21.980434782608697,17.416304347826088,27.45434782608696
2020,Iowa,14.57979797979798,10.102020202020203,20.550505050505052
2020,Kansas,20.461904761904762,13.209523809523809,31.18285714285714
2020,Kentucky,31.58833333333333,24.271666666666665,40.544999999999995
2020,Louisiana,29.9484375,24.1375,36.8546875
2020,Maine,12.65,9.80625,16.0875
2020,Maryland,13.045833333333334,10.887500000000001,15.583333333333334
2020,Massachusetts,6.5928571428571425,5.4071428571428575,8.142857142857142
2020,Michigan,16.781927710843373,12.783132530120483,21.920481927710846
2020,Minnesota,13.02183908045977,9.091954022988507,18.342528735632182
2020,Mississippi,32.08170731707317,25.114634146341466,40.579268292682926
2020,Missouri,24.033043478260872,18.077391304347827,31.578260869565216
2020,Montana,19.1125,11.171428571428573,33.341071428571425
2020,Nebraska,16.06021505376344,8.667741935483871,30.322580645161292
2020,Nevada,22.041176470588233,14.576470588235296,34.42352941176471
2020,New Hampshire,8.14,6.3100000000000005,10.35
2020,New Jersey,9.785714285714286,8.585714285714285,11.138095238095238
2020,New Mexico,25.263636363636365,19.5,33.56060606060606
2020,New York,12.390322580645162,10.16451612903226,15.05
2020,North Carolina,21.458000000000002,17.274,26.491999999999997
2020,North Dakota,18.175471698113206,10.186792452830188,32.27358490566038
2020,Ohio,20.019318181818182,16.513636363636365,24.0875
2020,Oklahoma,30.158441558441556,23.197402597402597,38.80259740259741
2020,Oregon,15.549999999999999,11.297222222222222,21.813888888888886
2020,Pennsylvania,14.643283582089552,11.744776119402985,18.23283582089552
2020,Rhode Island,6.040000000000001,5.0,7.26
2020,South Carolina,24.38913043478261,20.028260869565216,29.506521739130434
2020,South Dakota,22.334848484848482,14.05151515151515,35.481818181818184
2020,Tennessee,27.081052631578945,21.370526315789473,33.95578947368421
2020,Texas,29.49448818897638,22.038976377952753,40.03818897637795
2020,Utah,14.475862068965517,10.082758620689654,21.162068965517243
2020,Vermont,10.200000000000001,7.2,14.164285714285713
2020,Virginia,17.6,13.06766917293233,23.47218045112782
2020,Washington,15.261538461538462,11.948717948717949,19.584615384615383
2020,West Virginia,27.521818181818183,20.80181818181818,35.82
2020,Wisconsin,11.57638888888889,8.551388888888889,15.480555555555554
2020,Wyoming,17.808695652173913,12.521739130434783,25.02173913043478
